id,twitter_profile_image_url
411,http://pbs.twimg.com/profile_images/705363679303184384/oz_hOnPW.jpg
413,http://pbs.twimg.com/profile_images/615681412809691136/GMAe6uqQ.png
414,http://pbs.twimg.com/profile_images/740356221983555584/1LNizlRg.jpg
415,http://pbs.twimg.com/profile_images/765484928121262080/DFqJq4Eo.jpg
416,http://pbs.twimg.com/profile_images/773031215527931905/BDGXYnVH.jpg
417,http://pbs.twimg.com/profile_images/763225807556706305/9bXTYxvE.jpg
418,http://pbs.twimg.com/profile_images/753892552722386944/I0OUzQyz.jpg
419,http://pbs.twimg.com/profile_images/715919741009809409/D_zDV9BH.jpg
420,http://pbs.twimg.com/profile_images/715916850798813184/mCnDZAfm.jpg
421,http://pbs.twimg.com/profile_images/770801352087773184/IM-S_e9x.jpg
422,http://pbs.twimg.com/profile_images/715916425488019456/mgcyUqXu.jpg
423,http://pbs.twimg.com/profile_images/756311730511155200/llBKg9aB.jpg
424,http://pbs.twimg.com/profile_images/772427547367747584/rUGAyrhd.jpg
425,http://pbs.twimg.com/profile_images/748827832713818112/G7mbAuvH.jpg
426,http://pbs.twimg.com/profile_images/2099563128/________________.jpg
427,http://pbs.twimg.com/profile_images/621158089761275904/hP9tEMuo.png
428,http://pbs.twimg.com/profile_images/771633969053900800/QUDXSQd8.jpg
429,http://pbs.twimg.com/profile_images/776842937791459328/CdUPknzs.jpg
430,http://pbs.twimg.com/profile_images/732767840613195781/0OwwpY0S.jpg
431,http://pbs.twimg.com/profile_images/713530487650836481/86C80jff.jpg
432,http://pbs.twimg.com/profile_images/765450496576413696/LsRxMqfk.jpg
433,http://pbs.twimg.com/profile_images/763313983273115648/OKxe2P3M.jpg
434,http://pbs.twimg.com/profile_images/717161407884623872/DBah-NvB.jpg
435,http://pbs.twimg.com/profile_images/765090121569800192/D0jpSllj.jpg
436,http://pbs.twimg.com/profile_images/738530635308924928/IBIBp3Z-.jpg
437,http://pbs.twimg.com/profile_images/737840293723004928/R6XmAS4h.jpg
438,http://pbs.twimg.com/profile_images/759981698876518404/Y3jAIkHe.jpg
439,http://pbs.twimg.com/profile_images/712493626182471680/_SoGRpbU.jpg
440,http://pbs.twimg.com/profile_images/753737396902998016/ovn2u3ez.jpg
441,http://pbs.twimg.com/profile_images/742922698863431680/LJIKit7y.jpg
442,http://pbs.twimg.com/profile_images/774229055637852160/TB1vly0S.jpg
443,http://pbs.twimg.com/profile_images/740364647732105217/asX5e9wB.jpg
444,http://pbs.twimg.com/profile_images/760970671753076737/3cZOKZfi.jpg
445,http://pbs.twimg.com/profile_images/734919490253660160/tPNor8WV.jpg
446,http://pbs.twimg.com/profile_images/763607280940003329/DHHBuyzb.jpg
447,http://pbs.twimg.com/profile_images/664281572791578624/sH8PNUnQ.jpg
448,http://pbs.twimg.com/profile_images/759015596667248641/3YuOExSx.jpg
449,http://pbs.twimg.com/profile_images/763903199333920768/URzpbDhz.jpg
450,http://pbs.twimg.com/profile_images/755050099068153856/tyyBvn04.jpg
451,http://pbs.twimg.com/profile_images/744778597341159424/1ZvalL6w.jpg
452,http://pbs.twimg.com/profile_images/713922193600679936/z_9yPhMI.jpg
453,http://pbs.twimg.com/profile_images/714371277100883968/sW2rT6M-.jpg
454,http://pbs.twimg.com/profile_images/732536169628459008/fwrz1pxb.jpg
455,http://pbs.twimg.com/profile_images/776437311538016257/kqtRxnvk.jpg
456,http://pbs.twimg.com/profile_images/765881520158412801/u6PdVhF4.jpg
457,http://pbs.twimg.com/profile_images/742184886711128065/r-8KIPMB.jpg
458,http://pbs.twimg.com/profile_images/692936838714167296/1F5ROV8n.jpg
459,http://pbs.twimg.com/profile_images/690489423805345792/iyUa5t86.png
460,http://pbs.twimg.com/profile_images/762170826191835137/KySQ35Bc.jpg
461,http://pbs.twimg.com/profile_images/715903558562873344/pc_KnDEg.jpg
462,http://pbs.twimg.com/profile_images/753794853511712769/_N1FOJX8.jpg
463,http://pbs.twimg.com/profile_images/776719829873020928/Lzjl0UTr.jpg
464,http://pbs.twimg.com/profile_images/747252801852448770/Q8ne2LAr.jpg
465,http://pbs.twimg.com/profile_images/684917097546125312/_4C17Pcf.png
466,http://pbs.twimg.com/profile_images/711201311828520960/9jpB45kY.jpg
467,http://pbs.twimg.com/profile_images/762482855108763648/l9lP4ORY.jpg
468,http://pbs.twimg.com/profile_images/696838700689289216/teUM5rRF.jpg
469,http://pbs.twimg.com/profile_images/675188726675435521/UaeOeFuR.jpg
470,http://pbs.twimg.com/profile_images/775699680638279680/Hc2lQm6F.jpg
471,http://pbs.twimg.com/profile_images/646111157133033472/3tCSPemx.jpg
472,http://pbs.twimg.com/profile_images/724444524513107968/e2u1MB10.jpg
473,http://pbs.twimg.com/profile_images/705745050269945857/Hn25grKx.jpg
